<?xml version="1.0" encoding="UTF-8" standalone="no"?>
<productinfo NS0:noNamespaceSchemaLocation="optional" xmlns:NS0="http://www.w3.org/2001/XMLSchema-instance">

<matlabrelease>14</matlabrelease>
<name>gUDPinterface</name>
<type>blockset</type>
<icon>$toolbox/simulink/simulink/simulinkicon.gif</icon>
<help_location>Help</help_location>

<list>

<listitem>
<label>gUDPinterface</label>
<callback>gUDPinterfaceLib</callback>
<icon>$toolbox/signal/sigtools/private/matlabicon.gif</icon>
</listitem>

<listitem>
<label>gUDPinterface Sending Demo</label>
<callback>gUDPtestSend</callback>
<icon>$toolbox/signal/sigtools/private/matlabicon.gif</icon>
</listitem>

<listitem>
<label>gUDPinterface Receiving Demo</label>
<callback>gUDPtestReceive</callback>
<icon>$toolbox/signal/sigtools/private/matlabicon.gif</icon>
</listitem>

</list>

</productinfo>